{"PromptSRC": {"ImageNetSketch": {"new_ratio1": {"avg": 66.4, "std": 0.0}, "new_ratio4": {"avg": 53.63333333333333, "std": 0.09428090415820768}, "base": {"avg": 71.13333333333333, "std": 0.047140452079107185}, "new_ratio5": {"avg": 49.56666666666666, "std": 0.09428090415820768}, "new_ratio2": {"avg": 62.0, "std": 0.0}, "new_ratio3": {"avg": 57.9, "std": 0.0}}, "Caltech101": {"new_ratio1": {"avg": 91.0, "std": 1.512172829628502}, "new_ratio4": {}, "base": {"avg": 90.13333333333333, "std": 0.41096093353126556}, "new_ratio2": {"avg": 91.2, "std": 1.9252705437591566}, "new_ratio3": {"avg": 91.13333333333333, "std": 1.4337208778404378}}, "ImageNetA": {"new_ratio1": {"avg": 85.26666666666667, "std": 0.18856180831641536}, "new_ratio4": {"avg": 61.1, "std": 0.21602468994692955}, "base": {"avg": 92.2, "std": 0.08164965809277376}, "new_ratio5": {"avg": 50.76666666666667, "std": 0.2054804667656324}, "new_ratio2": {"avg": 78.23333333333333, "std": 0.24944382578492666}, "new_ratio3": {"avg": 69.86666666666666, "std": 0.2624669291337254}}, "ImageNetV2": {"new_ratio1": {"avg": 70.76666666666667, "std": 0.09428090415820768}, "new_ratio4": {"avg": 67.86666666666666, "std": 0.12472191289246395}, "base": {"avg": 71.13333333333333, "std": 0.047140452079107185}, "new_ratio5": {"avg": 64.39999999999999, "std": 0.08164965809277376}, "new_ratio2": {"avg": 70.03333333333333, "std": 0.04714045207910049}, "new_ratio3": {"avg": 69.3, "std": 0.08164965809277376}}, "ImageNetR": {"new_ratio1": {"avg": 85.93333333333334, "std": 0.04714045207910049}, "new_ratio4": {"avg": 78.93333333333334, "std": 0.09428090415820768}, "base": {"avg": 92.8, "std": 0.08164965809277376}, "new_ratio5": {"avg": 77.63333333333334, "std": 0.09428090415820768}, "new_ratio2": {"avg": 82.63333333333334, "std": 0.047140452079107185}, "new_ratio3": {"avg": 80.43333333333334, "std": 0.09428090415820768}}}, "ProGrad": {"ImageNetSketch": {"new_ratio1": {"avg": 66.02, "std": 0.14988884770611366}, "new_ratio4": {"avg": 53.00333333333333, "std": 0.17307673314329344}, "base": {"avg": 70.8, "std": 0.09899494936612041}, "new_ratio5": {"avg": 48.78, "std": 0.20542638584174247}, "new_ratio2": {"avg": 61.576666666666675, "std": 0.10656244908764076}, "new_ratio3": {"avg": 57.373333333333335, "std": 0.1391242450313932}}, "ImageNetA": {"new_ratio1": {"avg": 85.27333333333334, "std": 0.14636332266733562}, "new_ratio4": {"avg": 60.72666666666667, "std": 0.2414309194964237}, "base": {"avg": 92.17666666666666, "std": 0.09741092797468458}, "new_ratio5": {"avg": 50.18, "std": 0.12192894105448021}, "new_ratio2": {"avg": 78.06666666666666, "std": 0.18263503375736936}, "new_ratio3": {"avg": 69.54, "std": 0.25495097567963776}}, "ImageNetV2": {"new_ratio1": {"avg": 70.44, "std": 0.13735598518690795}, "new_ratio4": {"avg": 67.56333333333333, "std": 0.22291004663067274}, "base": {"avg": 70.8, "std": 0.09899494936612041}, "new_ratio5": {"avg": 63.98333333333333, "std": 0.18624953392932145}, "new_ratio2": {"avg": 69.71333333333332, "std": 0.11115554667021793}, "new_ratio3": {"avg": 68.98666666666666, "std": 0.1819035153285591}}, "ImageNetR": {"new_ratio1": {"avg": 85.40333333333335, "std": 0.02054804667656762}, "new_ratio4": {"avg": 77.74333333333334, "std": 0.09177266598624013}, "base": {"avg": 92.84666666666668, "std": 0.07408703590297876}, "new_ratio5": {"avg": 76.33666666666666, "std": 0.1189771219838312}, "new_ratio2": {"avg": 81.76666666666667, "std": 0.0449691252107726}, "new_ratio3": {"avg": 79.34333333333335, "std": 0.07318166133367116}}}, "MaPLe": {"DescribableTextures": {"new_ratio1": {"avg": 87.89999999999999, "std": 1.3952299690970922}, "base": {"avg": 94.26666666666667, "std": 0.5436502143433359}, "new_ratio2": {"avg": 78.5, "std": 3.488074922742725}, "new_ratio3": {"avg": 67.75, "std": 3.549999999999997}}, "ImageNetSketch": {"new_ratio1": {"avg": 67.03333333333333, "std": 0.09428090415820098}, "new_ratio4": {"avg": 53.1, "std": 0.08164965809277376}, "base": {"avg": 72.23333333333333, "std": 0.09428090415820768}, "new_ratio5": {"avg": 48.6, "std": 0.14142135623730817}, "new_ratio2": {"avg": 62.333333333333336, "std": 0.047140452079103834}, "new_ratio3": {"avg": 57.833333333333336, "std": 0.047140452079103834}}, "Caltech101": {"new_ratio1": {"avg": 91.26666666666667, "std": 1.2391753530294074}, "new_ratio4": {"avg": 91.53333333333335, "std": 0.4714045207910317}, "base": {"avg": 91.23333333333333, "std": 0.3299831645537211}, "new_ratio5": {"avg": 91.5, "std": 0.4966554808583803}, "new_ratio2": {"avg": 91.43333333333334, "std": 1.5434449203720324}, "new_ratio3": {"avg": 91.10000000000001, "std": 1.1860297916438096}}, "ImageNetA": {"new_ratio1": {"avg": 85.39999999999999, "std": 0.21602468994692955}, "new_ratio4": {"avg": 59.76666666666667, "std": 0.3681787005729109}, "base": {"avg": 92.43333333333332, "std": 0.12472191289246269}, "new_ratio5": {"avg": 48.96666666666667, "std": 0.3681787005729081}, "new_ratio2": {"avg": 77.83333333333333, "std": 0.3299831645537211}, "new_ratio3": {"avg": 68.96666666666667, "std": 0.3299831645537264}}, "ImageNetV2": {"new_ratio1": {"avg": 71.83333333333334, "std": 0.09428090415820768}, "new_ratio4": {"avg": 68.66666666666667, "std": 0.12472191289246395}, "base": {"avg": 72.23333333333333, "std": 0.09428090415820768}, "new_ratio5": {"avg": 64.89999999999999, "std": 0.14142135623730814}, "new_ratio2": {"avg": 71.1, "std": 0.08164965809277376}, "new_ratio3": {"avg": 70.16666666666667, "std": 0.12472191289246395}}, "ImageNetR": {"new_ratio1": {"avg": 85.36666666666667, "std": 0.18856180831641536}, "new_ratio4": {"avg": 77.56666666666666, "std": 0.28674417556808834}, "base": {"avg": 92.96666666666665, "std": 0.09428090415820098}, "new_ratio5": {"avg": 76.2, "std": 0.2449489742783155}, "new_ratio2": {"avg": 81.53333333333332, "std": 0.24944382578492663}, "new_ratio3": {"avg": 79.13333333333334, "std": 0.24944382578493296}}}, "CoCoOp": {"ImageNetSketch": {"new_ratio1": {"avg": 66.23333333333333, "std": 0.2054804667656324}, "new_ratio4": {"avg": 53.1, "std": 0.14142135623731153}, "base": {"avg": 71.10000000000001, "std": 0.21602468994692955}, "new_ratio5": {"avg": 49.0, "std": 0.14142135623731153}, "new_ratio2": {"avg": 61.73333333333334, "std": 0.12472191289246332}, "new_ratio3": {"avg": 57.5, "std": 0.08164965809277376}}, "ImageNetA": {"new_ratio1": {"avg": 85.66666666666667, "std": 0.2054804667656324}, "new_ratio4": {"avg": 61.23333333333333, "std": 0.2867441755680886}, "base": {"avg": 92.33333333333333, "std": 0.09428090415820767}, "new_ratio5": {"avg": 50.86666666666667, "std": 0.16996731711975957}, "new_ratio2": {"avg": 78.63333333333334, "std": 0.16996731711975635}, "new_ratio3": {"avg": 70.06666666666666, "std": 0.2054804667656324}}, "ImageNetV2": {"new_ratio1": {"avg": 70.7, "std": 0.21602468994692955}, "new_ratio4": {"avg": 67.66666666666667, "std": 0.3091206165165192}, "base": {"avg": 71.10000000000001, "std": 0.21602468994692955}, "new_ratio5": {"avg": 64.3, "std": 0.16329931618554752}, "new_ratio2": {"avg": 70.03333333333335, "std": 0.18856180831640865}, "new_ratio3": {"avg": 69.3, "std": 0.21602468994692736}}, "ImageNetR": {"new_ratio1": {"avg": 85.3, "std": 0.14142135623731486}, "new_ratio4": {"avg": 77.8, "std": 0.21602468994692736}, "base": {"avg": 92.83333333333333, "std": 0.12472191289246395}, "new_ratio5": {"avg": 76.43333333333334, "std": 0.2054804667656324}, "new_ratio2": {"avg": 81.66666666666666, "std": 0.09428090415820768}, "new_ratio3": {"avg": 79.36666666666667, "std": 0.16996731711975635}}}, "res.json": {}, "KgCoOp": {"ImageNetSketch": {"new_ratio1": {"avg": 65.7, "std": 0.14142135623731486}, "new_ratio4": {"avg": 52.96666666666667, "std": 0.09428090415820768}, "base": {"avg": 70.36666666666666, "std": 0.16996731711975635}, "new_ratio5": {"avg": 48.833333333333336, "std": 0.047140452079103834}, "new_ratio2": {"avg": 61.300000000000004, "std": 0.14142135623730814}, "new_ratio3": {"avg": 57.23333333333334, "std": 0.12472191289246332}},